{"coef": [[0.030422022171832278, -0.0028799588999255162, 0.028058036445043417, 0.00031311221666707555, 0.0, 0.0, 0.0, 0.0, 0.0, 0.0, 0.0, 0.0, -1.6142342230367803, 0.0, 0.0, 0.0, 0.0, 0.0, 1.355024157697946, 0.0, 0.6525833576834889, 0.0, -0.052821460341761994, 0.0, 0.0, 0.0, 0.0, -0.007414308537643892, -0.1517702121593571, 0.0, 0.20856826359415853, 0.0, 0.35563003062197207, 0.0, 0.0, 0.0, 0.0, 0.0, 0.0, 0.0, 0.0, 0.0, 0.08581986098544701, 0.0, 0.0, 0.0, 0.11215079838811828, -0.10032407892154727, 0.0, 0.0, 0.0, 0.0, -0.0028799588999334417]], "intercept": [0.12882280308756971], "classes": [0, 1]}